-148.17567084493186,-148.17567443847656,3.5935447044721514e-06
59.33602879398006,59.336029052734375,-2.5875431219901657e-07
-109.70899725709064,-109.70899963378906,2.3766984185158435e-06
88.42005235351616,88.42005920410156,-6.850585407391918e-06
-0.6766592638336753,-0.676666259765625,6.9959319497492345e-06
-117.51119632452786,-117.51119995117188,3.626644016208047e-06
-142.69641039776508,-142.6964111328125,7.350474220402248e-07
128.2772957719115,128.2772979736328,-2.201721315486793e-06
167.41328904642808,167.4132843017578,4.744670263789885e-06
-39.920487833341674,-39.92048645019531,-1.383146361888521e-06
-47.249792843992154,-47.249786376953125,-6.467039028734689e-06
106.39984026153543,106.39984130859375,-1.0470583191590777e-06
59.892753909197125,59.89276123046875,-7.321271624505243e-06
-105.14756272553737,-105.14756774902344,5.023486068012062e-06
-165.33964395109166,-165.3396453857422,1.4346505281537247e-06
-216.3901888336508,-216.3901824951172,-6.338533609095975e-06
40.30397697300781,40.30397033691406,6.636093750955752e-06
-63.94229766021803,-63.942291259765625,-6.400452406296608e-06
-6.682495510754114,-6.6824951171875,-3.935666139653904e-07
-101.68300869702017,-101.68301391601562,5.218995454470132e-06
-189.67511177331866,-189.67510986328125,-1.9100374117897445e-06
-162.1410603916624,-162.1410675048828,7.113220419796562e-06
-140.3384916486483,-140.33848571777344,-5.930874863224744e-06
7.386344327796954,7.3863372802734375,7.04752351676774e-06
-47.676197173706555,-47.67619323730469,-3.936401867576933e-06
-223.77488678037895,-223.77488708496094,3.0458198807536974e-07
-44.656961971148085,-44.65696716308594,5.191937852089268e-06
-28.260837934081554,-28.260833740234375,-4.193847178868282e-06
-123.11205680173633,-123.112060546875,3.7451386702969103e-06
-80.49742420801807,-80.49742126464844,-2.943369636909665e-06
-137.45287282287634,-137.45286560058594,-7.222290406616594e-06
10.8937961145323,10.893798828125,-2.713592699876699e-06
344.14952335899864,344.14952087402344,2.484975198058237e-06
-141.65132568483838,-141.6513214111328,-4.273705570767561e-06
-124.7203135742636,-124.72030639648438,-7.177779224321057e-06
-26.86119135572561,-26.861190795898438,-5.598271712869973e-07
122.85567599408083,122.85568237304688,-6.378966048714574e-06
-184.22721811577586,-184.2272186279297,5.121538322327979e-07
-172.19969687103958,-172.19969177246094,-5.098578640172491e-06
115.82784176450313,115.82783508300781,6.681495321458897e-06
-2.1708897439557147,-2.1708831787109375,-6.56524477715692e-06
-8.503404350104628,-8.503402709960938,-1.6401436901958277e-06
104.177644794474,104.17764282226562,1.9722083806072987e-06
-108.4368361027924,-108.43682861328125,-7.489511148150996e-06
-102.35866357686872,-102.35865783691406,-5.739954659134128e-06
82.76945285314495,82.76945495605469,-2.102909732570879e-06
84.29406243459371,84.2940673828125,-4.948218787603764e-06
-78.25987552356135,-78.25987243652344,-3.087037910631807e-06
-21.66363471938899,-21.66363525390625,5.345172588988589e-07
-5.323526922892681,-5.3235321044921875,5.181599506798307e-06
72.33373626959234,72.333740234375,-3.964782663956612e-06
-164.3712771519661,-164.37127685546875,-2.96497347562763e-07
74.2529937622192,74.25299072265625,3.0395629551094316e-06
36.49147856214471,36.491485595703125,-7.0335584183567335e-06
115.06554835782235,115.0655517578125,-3.3999901489778495e-06
-45.62285405354188,-45.62284851074219,-5.542799691227174e-06
0.0017968981057457508,0.001800537109375,-3.6390036292491875e-06
22.1703925257196,22.170394897460938,-2.3717413384360952e-06
-1.333774710217334,-1.333770751953125,-3.95826420906964e-06
9.703371735816066,9.703369140625,2.595191066490088e-06
1.8001877481209798,1.8001861572265625,1.5908944173137485e-06
126.2132689114877,126.21327209472656,-3.1832388600605555e-06
-69.55057657779591,-69.55058288574219,6.307946279093812e-06
5.795075476233775,5.795074462890625,1.0133431498360324e-06
115.63779422151804,115.63778686523438,7.3562836604423865e-06
-45.31264023456017,-45.31263732910156,-2.905458607926903e-06
-117.49576482962011,-117.49575805664062,-6.772979489255704e-06
23.127528930348554,23.127532958984375,-4.028635821384796e-06
61.6230643374975,61.62306213378906,2.203708440617902e-06
91.53661906432066,91.53662109375,-2.0294293392453255e-06
96.36993921591113,96.36993408203125,5.133879881213943e-06
-89.83972103200497,-89.8397216796875,6.476825262780039e-07
-199.09553229781406,-199.0955352783203,2.9805062524701498e-06
68.57787507279522,68.577880859375,-5.7865797771228245e-06
-28.09399968005032,-28.093994140625,-5.539425320222335e-06
31.826987170986452,31.826980590820312,6.580166139968924e-06
9.632709343543022,9.632705688476562,3.6550664592738258e-06
-50.6989545709794,-50.69895935058594,4.779606534555114e-06
-74.74647362724355,-74.74647521972656,1.5924830165658932e-06
-153.54966137362345,-153.54966735839844,5.9847749867003586e-06
-55.317930773514746,-55.31793212890625,1.3553915039210551e-06
110.9267426665141,110.92674255371094,1.1280316414286062e-07
-0.8550694597441935,-0.855072021484375,2.561740181539207e-06
16.015397737979807,16.015396118164062,1.6198157446467576e-06
30.324434222480814,30.324432373046875,1.8494339393271275e-06
-156.3309688953403,-156.33096313476562,-5.760574680380159e-06
-159.02271550783337,-159.02272033691406,4.829080694435106e-06
72.55080650742269,72.55081176757812,-5.26015543300673e-06
-16.69075315851271,-16.690750122070312,-3.036442397075234e-06
159.52838736693016,159.52838134765625,6.0192739113063e-06
74.0563462921315,74.05635070800781,-4.415876318830669e-06
-129.93043850967126,-129.93043518066406,-3.329007199681655e-06
71.19752256483983,71.19752502441406,-2.4595742331712245e-06
-48.37519156157792,-48.37519836425781,6.802679891393382e-06
136.09650704627455,136.0965118408203,-4.7945457595233165e-06
-100.33933580280798,-100.33934020996094,4.407152957242033e-06
-118.88597196531353,-118.88597106933594,-8.95977592563213e-07
-27.4752347334344,-27.475234985351562,2.5191716090944283e-07
-19.00963694607631,-19.0096435546875,6.6086111907281975e-06
126.0088367885689,126.00883483886719,1.949701712078422e-06
-85.75892730183021,-85.75892639160156,-9.102286497864043e-07
-52.14521800103887,-52.14521789550781,-1.0553105767030502e-07
269.11288413277276,269.1128845214844,-3.8871161223141826e-07
172.08715790872122,172.087158203125,-2.9440377602441004e-07
34.52469678026034,34.52470397949219,-7.199231845333998e-06
-120.77733643259572,-120.77734375,7.317404282503048e-06
-39.68421752204788,-39.68421936035156,1.838303681722664e-06
22.50393587325036,22.503936767578125,-8.943277656214832e-07
-52.27148769125376,-52.271484375,-3.3162537604880526e-06
62.100553719070575,62.100555419921875,-1.7008512998017977e-06
-82.61220224907817,-82.61219787597656,-4.373101603505347e-06
-14.722681543341135,-14.722686767578125,5.224236989676001e-06
-61.509120899416075,-61.509124755859375,3.856443299810053e-06
92.21759447719698,92.21759033203125,4.145165732438727e-06
-126.75987885195693,-126.75987243652344,-6.415433489337374e-06
37.40788489845828,37.40788269042969,2.208028590189315e-06
-35.54750639638615,-35.54750061035156,-5.786034584787103e-06
262.3399140250424,262.3399200439453,-6.018902922733105e-06
-220.8890837250692,-220.8890838623047,1.372354745399207e-07
32.85294377218938,32.85295104980469,-7.277615310385954e-06
62.54121535822658,62.54121398925781,1.3689687676787798e-06
50.710220754584405,50.71022033691406,4.176703427560824e-07
27.96839788681754,27.968399047851562,-1.1610340209244896e-06
97.47005830586858,97.47006225585938,-3.949990798446379e-06
-8.856325768908246,-8.8563232421875,-2.5267207455215157e-06
-104.64308866882925,-104.64308166503906,-7.0037901878095e-06
-31.146382856773876,-31.146377563476562,-5.293297313357925e-06
43.72319890354154,43.72320556640625,-6.662864713291583e-06
-75.76110460888745,-75.7611083984375,3.7895500497597823e-06
-51.98749387703888,-51.98748779296875,-6.084070129475094e-06
2.3245060894389695,2.3245086669921875,-2.577553217975037e-06
-54.266872017161624,-54.266876220703125,4.203541500658048e-06
134.52938432116406,134.52938842773438,-4.106570315798308e-06
-95.71303266610204,-95.713-27.225306873345897,-27.225311279296875,4.405950978281226e-06
-6.103598801462494,-6.1035919189453125,-6.882517181061587e-06
-117.46381709353145,-117.46382141113281,4.317601366210511e-06
36.16122149509212,36.161224365234375,-2.870142253641461e-06
25.913515658631955,25.91351318359375,2.4750382046079267e-06
-105.94946408606987,-105.949462890625,-1.195444866652906e-06
123.02380117332874,123.0238037109375,-2.537608764896504e-06
-28.372015478295953,-28.37200927734375,-6.200952203272436e-06
-25.805410702643176,-25.805404663085938,-6.039557238324278e-06
68.26637691552521,68.26637268066406,4.234861151530822e-06
3.64297989579367,3.642974853515625,5.042278044875559e-06
110.76108771926232,110.76109313964844,-5.420386116838927e-06
2.8051462242863376,2.805145263671875,9.60614462641729e-07
-12.925912114783014,-12.925918579101562,6.464318548893289e-06
-92.97306235500872,-92.97306823730469,5.882295965875528e-06
37.54188456701999,37.54188537597656,-8.089565710633906e-07
109.63565585301583,109.63565063476562,5.218250208827158e-06
157.78335776742927,157.78335571289062,2.054538640550163e-06
-44.212913517091266,-44.212921142578125,7.625486858842123e-06
118.36164149275979,118.36164855957031,-7.066810525202527e-06
-21.491576236471136,-21.4915771484375,9.119663637591202e-07
-0.3136753385818032,-0.3136749267578125,-4.1182399068695474e-07
-29.21274192543747,-29.212738037109375,-3.888328095058569e-06
-50.03699333856178,-50.0369873046875,-6.033874278443818e-06
24.084803041313787,24.084808349609375,-5.308295587980183e-06
-96.56820289189922,-96.56820678710938,3.895210156201756e-06
137.9369325277052,137.9369354248047,-2.8970994776500447e-06
-56.682304303179656,-56.68229675292969,-7.550249968346634e-06
123.22081812136524,123.2208251953125,-7.073947259073066e-06
-100.61159896013552,-100.61160278320312,3.823067601160801e-06
15.386448306735522,15.386444091796875,4.214938646995847e-06
160.60513993777573,160.60513305664062,6.881135107050795e-06
-41.151629388908596,-41.15162658691406,-2.8019945332857787e-06
-61.99265893073149,-61.99266052246094,1.5917294504674828e-06
-60.62979223933815,-60.629791259765625,-9.795725262051747e-07
97.2106075099885,97.21060180664062,5.703347881080845e-06
4.836548115226752,4.8365478515625,2.6366425220913925e-07
-180.91866147323756,-180.9186553955078,-6.0777297505865135e-06
-15.105562023671016,-15.105560302734375,-1.7209366411918836e-06
-60.188287148663356,-60.18829345703125,6.30836789383693e-06
155.27864925227541,155.27865600585938,-6.753583960517062e-06
200.31718605562003,200.3171844482422,1.6073778397185379e-06
-98.50924289477264,-98.50924682617188,3.931399234602395e-06
-223.75158988696492,-223.7515869140625,-2.972902422015977e-06
-198.40431246289043,-198.40431213378906,-3.2910136837926984e-07
-25.883722288166453,-25.88372802734375,5.739177296959497e-06
133.8441442205413,133.84414672851562,-2.507974329546414e-06
65.7339868898241,65.73399353027344,-6.640449342398824e-06
10.576725847598166,10.57672119140625,4.656191915586305e-06
261.1509853017902,261.15098571777344,-4.159832656114304e-07
49.766066028517535,49.76606750488281,-1.476365277142122e-06
-105.4690585989456,-105.46905517578125,-3.4231643439852633e-06
103.99254603599842,103.99253845214844,7.583849978232138e-06
-4.2589555429955634,-4.2589569091796875,1.3661841240519834e-06
-3.618849680529506,-3.6188507080078125,1.027478306436791e-06
-29.16827201210997,-29.16827392578125,1.91367128010711e-06
-46.04169254945599,-46.04168701171875,-5.537737237659712e-06
-74.57618572883982,-74.57618713378906,1.4049492449430545e-06
-169.09807252410874,-169.0980682373047,-4.286804056619076e-06
160.08661449244875,160.08660888671875,5.605729995750153e-06
118.36180044270789,118.36180114746094,-7.047530488080156e-07
-83.08099495177579,-83.08099365234375,-1.2994320428560968e-06
103.18613179299213,103.18612670898438,5.084007753453079e-06
144.19081520327086,144.19081115722656,4.0460442960466025e-06
-79.8964682674126,-79.89646911621094,8.487983365057516e-07
-76.29752103482447,-76.29751586914062,-5.165683845120839e-06
-172.00467088512582,-172.00466918945312,-1.6956726938133215e-06
-36.91367899543711,-36.91368103027344,2.0348363278799297e-06
171.4510889799921,171.4510955810547,-6.6010625801027345e-06
16.22444537987108,16.224441528320312,3.851550768985135e-06
-197.3175875114944,-197.3175811767578,-6.334736582402911e-06
-100.78468131258394,-100.78468322753906,1.9149551206965043e-06
-26.53218674558776,-26.532180786132812,-5.959454949078236e-06
127.78043153118469,127.78042602539062,5.5057940642200265e-06
-44.84134293742245,-44.841339111328125,-3.826094328474028e-06
-40.511701526044725,-40.51170349121094,1.9651662128694625e-06
-46.90640799013251,-46.906402587890625,-5.402241882279668e-06
-80.21179854460891,-80.2117919921875,-6.552421410788156e-06
-168.8357972959923,-168.83580017089844,2.874906130045929e-06
-50.76736068253266,-50.767364501953125,3.8194204634578455e-06
-163.96459710753473,-163.964599609375,2.501840270952016e-06
-166.20086105139387,-166.20086669921875,5.647824877996754e-06
57.77571310251362,57.77571105957031,2.0429433078561487e-06
-15.216875334774208,-15.216873168945312,-2.1658288957837613e-06
-358.5287246504833,-358.5287170410156,-7.609467672864412e-06
30.895073630640393,30.89508056640625,-6.935765856752596e-06
-147.3410645891869,-147.341064453125,-1.3606191373582988e-07
-186.77769599295402,-186.77769470214844,-1.2908055850857636e-06
28.983054076855176,28.983047485351562,6.591503613151417e-06
66.2006985024555,66.20069885253906,-3.5008356746857316e-07
52.984856102592175,52.98486328125,-7.178657824624679e-06
126.65404666647898,126.654052734375,-6.067896023864705e-06
101.40548413219824,101.40548706054688,-2.928348635578004e-06
52.776011592173916,52.77601623535156,-4.643177646812546e-06
113.30781808606295,113.30781555175781,2.5343051390791516e-06
229.3845342657705,229.38453674316406,-2.4773935649591294e-06
113.17669400126053,113.17669677734375,-2.7760832210788067e-06
46.91239339483221,46.91239929199219,-5.89715997989515e-06
43.662880353812646,43.66288757324219,-7.219429541294176e-06
3.7086468225182423,3.708648681640625,-1.8591223827080228e-06
-22.576749138908404,-22.576751708984375,2.57007597070924e-06
82.57131090809399,82.57130432128906,6.586804929042955e-06
72.27496972626805,72.27496337890625,6.347361804159846e-06
144.74486132049276,144.74485778808594,3.532406822159828e-06
-36.123603765546214,-36.12359619140625,-7.5741399641060525e-06
72.43650680764557,72.43650817871094,-1.3710653661291872e-06
-13.025581879412474,-13.025588989257812,7.109845338248988e-06
-97.3745256175386,-97.37452697753906,1.3600004677982724e-06
-42.85914839145758,-42.85914611816406,-2.2732935178737534e-06
146.65908669010383,146.65908813476562,-1.4446617910834902e-06
-67.45643498098339,-67.45643615722656,1.1762431739725798e-06
-69.98368072700055,-69.98368835449219,7.627491640960216e-06
212.58167833704832,212.58168029785156,-1.9608032459927927e-06
233.82263815581123,233.8226318359375,6.319873733673376e-06
60.142244562328735,60.142242431640625,2.1306881095028984e-06
-22.129806395198955,-22.129806518554688,1.233557327395829e-07
-282.72754833270443,-282.72755432128906,5.98858463263241e-06
65.63897562792306,65.63897705078125,-1.4228581903807935e-06
-55.74093348187208,-55.740936279296875,2.7974247984730027e-06
51.29165671070929,51.291656494140625,2.1656866522334894e-07
125.49189092775258,125.49189758300781,-6.655255234022661e-06
94.83691878113481,94.8369140625,4.7186348126615485e-06
-148.25526139106537,-148.25526428222656,2.8911611877902033e-06
-116.05846587975999,-116.0584716796875,5.799927507155189e-06
-8.064368134658695,-8.064361572265625,-6.562393069842187e-06
26.278490366726864,26.278488159179688,2.2075471761695553e-06
79.53949414506546,79.53948974609375,4.3989717113390725e-06
-252.6209162364065,-252.62091064453125,-5.591875236632404e-06
205.90126715408292,205.90126037597656,6.778106353522162e-06
8.890344430707533,8.890350341796875,-5.91108934244744e-06
-81.0693240095849,-81.06932067871094,-3.3308739659787534e-06
71.27593134028825,71.27592468261719,6.657671065113391e-06
-42.85558537605969,-42.8555908203125,5.444252806796612e-06
24.770516671187963,24.770523071289062,-6.400101099757194e-06
49.5711563979-76.45582135289924,-76.45582580566406,4.452764827078681e-06
59.26863292774746,59.26863098144531,1.9463021487808874e-06
-144.07641323283363,-144.076416015625,2.7827913697819895e-06
-77.09088592583095,-77.09088134765625,-4.5781746962347825e-06
189.2121706727326,189.21217346191406,-2.7891814511349367e-06
121.89333908846251,121.89334106445312,-1.9759906138006045e-06
50.359005951022674,50.3590087890625,-2.8380398262584094e-06
26.73464483697056,26.734649658203125,-4.8212325651775245e-06
20.631083624089023,20.631088256835938,-4.632746914978725e-06
65.99792169238641,65.9979248046875,-3.1123010870715007e-06
6.941276749113322,6.9412841796875,-7.430574178179938e-06
-171.55140237619887,-171.55140686035156,4.484152697159516e-06
88.95066442872401,88.95066833496094,-3.90623692680947e-06
-86.0103628705292,-86.01036071777344,-2.1527557692024857e-06
229.49797717455758,229.4979705810547,6.593502888563307e-06
50.97510832043916,50.97511291503906,-4.594599900542562e-06
95.37058137230657,95.37057495117188,6.421134699508002e-06
-41.78822057697111,-41.78822326660156,2.689630449026481e-06
33.34929225910008,33.34928894042969,3.3186703944920737e-06
112.4690463730254,112.46903991699219,6.45603321913768e-06
113.9011700366702,113.90116882324219,1.2134280069631131e-06
12.31719159969028,12.317184448242188,7.1514480932677316e-06
95.82579627681946,95.82579040527344,5.871546022717666e-06
-6.189873978362965,-6.18988037109375,6.392730784732237e-06
138.10716238222017,138.10716247558594,-9.336577022622805e-08
-108.35837811818831,-108.35838317871094,5.060522624944497e-06
-25.201512563747965,-25.201507568359375,-4.995388589890126e-06
112.26154812016463,112.26155090332031,-2.7831556792534684e-06
-179.45735077660785,-179.4573516845703,9.079624589958257e-07
153.61411440212893,153.61412048339844,-6.081269503965814e-06
-60.57308739407308,-60.573089599609375,2.20553629759479e-06
26.12464142980494,26.124649047851562,-7.618046623747432e-06
-55.41196583437001,-55.41197204589844,6.211528429389546e-06
-134.48258917191112,-134.4825897216797,5.497685720001755e-07
-23.086741658047323,-23.086746215820312,4.557772989244313e-06
-25.85248602888122,-25.852493286132812,7.257251592562852e-06
-24.177557016770095,-24.17755126953125,-5.747238844833191e-06
83.28113629961496,83.28114318847656,-6.8888616056028695e-06
4.280264561887217,4.2802581787109375,6.3831762791011215e-06
-181.32287234764826,-181.3228759765625,3.6289142428813648e-06
19.777890866322164,19.77789306640625,-2.2000840864677684e-06
52.23149555184165,52.23149108886719,4.462974459329416e-06
-63.26364274790999,-63.263641357421875,-1.3904881157600357e-06
-78.67346188648015,-78.6734619140625,2.75823452966506e-08
-79.88461460412516,-79.88461303710938,-1.5670157864633438e-06
85.95250521284277,85.95249938964844,5.823194328513637e-06
207.5458401715794,207.54583740234375,2.7692356638908677e-06
142.38538862686906,142.38539123535156,-2.608482503774212e-06
-54.6661952307774,-54.66619873046875,3.4996913527152174e-06
-51.93258168021371,-51.932586669921875,4.989708166647233e-06
-159.469273473969,-159.46926879882812,-4.675140871768235e-06
-68.68296940978212,-68.68296813964844,-1.2701336800091667e-06
-214.75400507755307,-214.75399780273438,-7.274818699443131e-06
69.82045619714887,69.82044982910156,6.368047309024405e-06
108.83000578048362,108.83000183105469,3.949428929672649e-06
57.97203506920323,57.97203063964844,4.429554792295676e-06
-191.22655278067796,-191.22654724121094,-5.539467025528211e-06
250.26066788995135,250.2606658935547,1.9963966622071894e-06
-3.563665482132614,-3.56365966796875,-5.814163864137356e-06
159.99770522517366,159.99771118164062,-5.956466964107676e-06
70.71745568072546,70.71745300292969,2.6777957771173533e-06
142.87619145132706,142.87619018554688,1.2657801846671646e-06
17.116587075168198,17.116592407226562,-5.332058364615477e-06
56.438013587056155,56.438018798828125,-5.211771970436985e-06
-91.3884051292048,-91.38841247558594,7.346381138972902e-06
197.30439930964656,197.3043975830078,1.7266387430936447e-06
43.680553990417486,43.68055725097656,-3.260559076068148e-06
136.0160549874297,136.01605224609375,2.7413359475758625e-06
42.75336393701145,42.75335693359375,7.003417699991132e-06
-189.93589990144565,-189.93589782714844,-2.074297213994214e-06
-323.0148656316113,-323.0148620605469,-3.5710644397113356e-06
85.21513754103941,85.21513366699219,3.874047223462185e-06
-111.24861356262704,-111.24861145019531,-2.112431729983655e-06
23.586407668454726,23.586410522460938,-2.8540062118054266e-06
-80.9162949929304,-80.91629028320312,-4.709727278395803e-06
225.41553808430103,225.41554260253906,-4.518238029049826e-06
146.03085252204818,146.03085327148438,-7.494361966564611e-07
70.36837119999161,70.36837768554688,-6.4855552608378275e-06
173.4715713021811,173.47157287597656,-1.5737954583983083e-06
23.82761802441363,23.827621459960938,-3.4355473061964403e-06
-16.98608311217139,-16.986083984375,8.722036106689757e-07
54.68778235396441,54.68778991699219,-7.563027779156073e-06
-106.84826309707594,-106.8482666015625,3.5044865569489048e-06
-164.58478426387353,-164.58477783203125,-6.431842280107958e-06
99.40978616907928,99.4097900390625,-3.869983217441586e-06
-23.53141456027024,-23.531417846679688,3.2864094485773876e-06
-30.11321047249058,-30.113204956054688,-5.516435891195215e-06
-158.64555615119636,-158.6455535888672,-2.5623291719512054e-06
-464.8914191023664,-464.89141845703125,-6.453351488744374e-07
116.4390283332042,116.43902587890625,2.4542979559782907e-06
-59.091710745102176,-59.091705322265625,-5.422836551360888e-06
140.16501682923723,140.16502380371094,-6.974473706122808e-06
72.11139129841605,72.11138916015625,2.1382598021091326e-06
108.88067934702875,108.88067626953125,3.07749749595132e-06
-31.272611728169807,-31.272613525390625,1.797220818389178e-06
-187.71311025041467,-187.71310424804688,-6.002367797464103e-06
-152.52744610703724,-152.52745056152344,4.454486202121188e-06
-92.53831803201801,-92.53831481933594,-3.2126820741495976e-06
-19.779788833351994,-19.77978515625,-3.6771019935599725e-06
30.92452462746179,30.924530029296875,-5.401835085905304e-06
188.98183347098438,188.98182678222656,6.688757821393665e-06
-105.00966694037736,-105.00967407226562,7.131888267508657e-06
85.71117983639951,85.711181640625,-1.8042254907868482e-06
-135.41797176490897,-135.41796875,-3.014908969589669e-06
-117.44046549936331,-117.44046020507812,-5.29428518802888e-06
260.8747062077582,260.8747100830078,-3.875249603879638e-06
89.82424696707344,89.82424926757812,-2.3005046898560977e-06
-77.35286375283738,-77.35285949707031,-4.255767066752014e-06
-59.4778013282809,-59.47779846191406,-2.8663668345529913e-06
-3.262148282584095,-3.26214599609375,-2.2864903450603435e-06
76.85773821723983,76.85774230957031,-4.092330485150342e-06
125.33550100907802,125.33549499511719,6.013960827999654e-06
-62.381405890533046,-62.38140869140625,2.8008732044781937e-06
105.93691672904266,105.93692016601562,-3.4369729604577515e-06
-16.89893317872702,-16.89892578125,-7.39747702027671e-06
38.094680681051685,38.09468078613281,-1.0508112779916701e-07
-50.51572175919323,-50.515716552734375,-5.206458851603202e-06
75.37427867411922,75.37428283691406,-4.162794837725414e-06
215.80630216585644,215.80630493164062,-2.7657841883410583e-06
165.61130919515057,165.61131286621094,-3.6710603694700694e-06
-158.32900555128523,-158.32901000976562,4.458480390212571e-06
160.84125778569134,160.8412628173828,-5.031691472368038e-06
-5.233387584993968,-5.2333831787109375,-4.406283030888858e-06
199.48146209688812,199.48146057128906,1.5255990604146064e-06
3.514074556478213,3.514068603515625,5.9529625882071e-06
100.64763979199573,100.64764404296875,-4.250973020702986e-06
-174.2654620954245,-174.2654571533203,-4.942104197880326e-06
79.7096360526186,79.70964050292969,-4.4503110814275715e-06
54.0461710614837,54.046173095703125,-2.0342194275713155e-06
100.97203828279743,100.9720458984375,-7.6156400723448314e-06
-49.480699733838755,-49.48069763183594,-2.102002817139237e-06
-112.87714338233833,-112.87713623046875,-7.151869581889514e-06
43.6755051.83093502721887,51.8309326171875,2.410031370914112e-06
27.11848393500286,27.118484497070312,-5.620674521367164e-118.10865398782673,-118.10865783691406,3.849087335083823e-06
-186.01263900347962,-186.01263427734375,-4.726135870214421e-06
75.38648084687901,75.386474609375,6.237504010186967e-06
-19.41138659461298,-19.411392211914062,5.617301081173309e-06
-101.77192541394601,-101.77192687988281,1.4659368048342003e-06
-194.8654372722414,-194.8654327392578,-4.532983581384542e-06
21.904871468099376,21.904876708984375,-5.240884998869433e-06
10.559945269043702,10.559951782226562,-6.513182860601319e-06
240.54732240786169,240.5473175048828,4.902978872678432e-06
139.82841369756332,139.8284149169922,-1.2194288672162656e-06
-269.4699846487672,-269.46998596191406,1.3131468676874647e-06
104.56913657320708,104.56913757324219,-1.000035112497244e-06
-72.82324337680255,-72.8232421875,-1.1893025515519184e-06
63.45794815052494,63.45794677734375,1.3731811918660242e-06
-18.1085947772091,-18.108596801757812,2.024548713563945e-06
-50.86562198430068,-50.86561584472656,-6.139574118435576e-06
116.55136416632993,116.55136108398438,3.0823455574591208e-06
128.02516787787673,128.02516174316406,6.134712663197206e-06
35.49501371013444,35.49501037597656,3.3341578742351885e-06
-30.318908331866034,-30.31890869140625,3.595402162659411e-07
67.51907902899661,67.51907348632812,5.542668489511016e-06
35.5085542514566,35.50856018066406,-5.9292074610084455e-06
-48.35791002414646,-48.35791015625,1.3210353699832922e-07
76.43452111955824,76.43452453613281,-3.416574571701858e-06
-3.3454938244912347,-3.345489501953125,-4.322538109668983e-06
110.62767275432894,110.62767028808594,2.4662430035959915e-06
-24.068680904662653,-24.068679809570312,-1.09509234036409e-06
-19.16314132705236,-19.16314697265625,5.645603888382311e-06
134.87891524369292,134.87892150878906,-6.265096146762517e-06
30.996878006770114,30.996871948242188,6.058527926455781e-06
38.10632612152414,38.1063232421875,2.87933664111506e-06
67.45915459361072,67.45915222167969,2.371931032030261e-06
-24.140965356037846,-24.140960693359375,-4.6626784708792e-06
139.2782836707641,139.27828979492188,-6.124157778231165e-06
21.782285669902357,21.78228759765625,-1.927753892516648e-06
73.29339559517959,73.29339599609375,-4.009141605365585e-07
-62.802564183500515,-62.80256652832031,2.3448197978837015e-06
-69.55138018839465,-69.55137634277344,-3.845621208142802e-06
88.68776637050485,88.68775939941406,6.971090783736145e-06
162.29750699909187,162.29750061035156,6.388740303009399e-06
19.24105347085225,19.241058349609375,-4.878757124515687e-06
16.766649920836237,16.766647338867188,2.5819690492312475e-06
105.58673055659962,105.58673095703125,-4.004316309647038e-07
16.670900043312827,16.6708984375,1.605812826710462e-06
-140.2405334617392,-140.24053955078125,6.089042045687165e-06
50.781628127579715,50.78163146972656,-3.3421468472738525e-06
1.952730633814933,1.952728271484375,2.3623305580589005e-06
-188.5757379009308,-188.57574462890625,6.727975460307789e-06
116.86280704215645,116.86280822753906,-1.1853826151764224e-06
-81.24991484087302,-81.24990844726562,-6.3936073928516635e-06
158.60243233510056,158.60243225097656,8.41239966575813e-08
-37.255857742108205,-37.255859375,1.6328917951113908e-06
22.8540202671781,22.854019165039062,1.1021390378118667e-06
190.93299757976033,190.93299865722656,-1.0774662371204613e-06
23.63711899758188,23.637115478515625,3.51906625439824e-06
207.73748891220927,207.73748779296875,1.119240522484688e-06
32.74184527976587,32.741851806640625,-6.526874756218604e-06
196.17229939763394,196.17230224609375,-2.8484598146860662e-06
279.3483310047587,279.34832763671875,3.368039926954225e-06
-69.50930412996333,-69.50930786132812,3.7313647993642007e-06
28.69771811758203,28.697723388671875,-5.271089843716936e-06
50.205516957425466,50.20552062988281,-3.6724573462265653e-06
190.4261131948117,190.42611694335938,-3.748547669601976e-06
-107.38900604124834,-107.38900756835938,1.527111038512885e-06
103.21991998417275,103.21992492675781,-4.942585064782179e-06
58.32046444144201,58.320465087890625,-6.464486119739377e-07
-93.24627358633019,-93.24627685546875,3.26913855985822e-06
199.77037507668328,199.77037048339844,4.593284842258072e-06
125.75216473064037,125.75216674804688,-2.0174065014089138e-06
55.229837311995055,55.22984313964844,-5.827653382084463e-06
-201.48448597894878,-201.48448181152344,-4.16742534525838e-06
138.8673934265998,138.8673858642578,7.562341977518372e-06
59.12136707903185,59.121368408203125,-1.329171276154284e-06
-93.83908037693746,-93.83908081054688,4.336094150403369e-07
5.664309325966716,5.664306640625,2.68534171610213e-06
-2.4162806074812426,-2.4162750244140625,-5.583067180126022e-06
21.728882320970683,21.7288818359375,4.850331833949895e-07
178.7742684795202,178.77426147460938,7.004910827390631e-06
-15.294918091337074,-15.294921875,3.783662926082343e-06
-146.26789616424665,-146.2678985595703,2.3953236620855023e-06
-46.24199171254931,-46.24198913574219,-2.5768071196807796e-06
15.41732247543575,15.417327880859375,-5.405423625148842e-06
221.23544343610976,221.23544311523438,3.2087538670566573e-07
-55.6974108341838,-55.697418212890625,7.3787068259889566e-06
80.38746435888578,80.38746643066406,-2.0717782831525255e-06
118.7160660904125,118.716064453125,1.637287496691897e-06
-42.268597385601865,-42.26860046386719,3.0782653226424372e-06
5.278915541963708,5.2789154052734375,1.3669027065787986e-07
-33.35912691796621,-33.359130859375,3.941408792229595e-06
-28.948600990987394,-28.9486083984375,7.4074501057452835e-06
-100.32492679659964,-100.32492065429688,-6.142302765965724e-06
78.5957142969632,78.59571838378906,-4.086825867943844e-06
187.97225899954688,187.97225952148438,-5.219374941134447e-07
-1.3903511961469603,-1.390350341796875,-8.543500853441799e-07
50.276043357692004,50.27604675292969,-3.395237683889718e-06
-72.59559469861676,-72.59559631347656,1.6148597978826729e-06
-174.66132626623724,-174.6613311767578,4.9105205732757895e-06
-58.65480151580497,-58.65480041503906,-1.100765906869583e-06
130.5534493951806,130.55345153808594,-2.142905344726387e-06
34.13195027079117,34.13194274902344,7.521767734885998e-06
174.948143535046,174.94815063476562,-7.09971962464806e-06
14.857044374269087,14.857040405273438,3.9689956494726175e-06
-68.15515962079084,-68.15516662597656,7.005185722164242e-06
-56.77317367334694,-56.77317810058594,4.427238998516714e-06
116.5211469303783,116.52114868164062,-1.7512623315951714e-06
120.68789369099927,120.68789672851562,-3.0375163504459124e-06
12.993737687026503,12.993743896484375,-6.209457872330404e-06
-138.74546816206518,-138.74546813964844,-2.2416742240238818e-08
84.5544524141012,84.55445861816406,-6.204062856340897e-06
57.78385156439547,57.783843994140625,7.570254844324609e-06
31.25033794665426,31.250335693359375,2.2532948840137124e-06
-150.8421512761794,-150.84214782714844,-3.4490309701595834e-06
43.188035824989605,43.18803405761719,1.7673724173050687e-06
-255.85981577586836,-255.8598175048828,1.7290144569415133e-06
165.027263579292,165.0272674560547,-3.8767626904245844e-06
24.21312812439662,24.213134765625,-6.641228381454312e-06
166.72937510913442,166.7293701171875,4.991946923382784e-06
116.43891983744744,116.43891906738281,7.700646307284842e-07
59.63496018303379,59.63496398925781,-3.8062240221847787e-06
135.18677746421776,135.18678283691406,-5.372696307404112e-06
-82.70286885752485,-82.70286560058594,-3.2569389105674418e-06
-10.938646559942672,-10.938644409179688,-2.1507629845984866e-06
-47.81765878844601,-47.817657470703125,-1.3177428854760365e-06
-123.96690797095266,-123.96690368652344,-4.2844292238441994e-06
41.7282961647348,41.728302001953125,-5.8372183247001885e-06
-155.57468984574248,-155.57469177246094,1.9267184541149618e-06
-133.28242376690508,-133.2824249267578,1.1598527294154337e-06
-209.5813589811692,-209.58135986328125,8.821120616175904e-07
92.62396901897553,92.62396240234375,6.616631779365889e-06
31.783750794765425,31.78375244140625,-1.6466408254700582e-06
44.25562484961829,44.25563049316406,-5.643545769373759e-06
99.93760803300601,99.93760681152344,1.2214825773071425e-06
-268.974716105.99981004957252,105.99981689453125,-6.844958733154272e-06
-72.88441960256888,-72.88441467285156,-4.929717320578655.27614869774581,55.276153564453125,-4.866707314477026e-06
36.46194581881365,36.461944580078125,1.2387355283749457e-06
-50.870029615479424,-50.870025634765625,-3.980713799478508e-06
-26.07930681035203,-26.079299926757812,-6.88359421729956e-06
204.42726525650957,204.42726135253906,3.903970508645216e-06
256.7486156593023,256.7486114501953,4.209106975849863e-06
94.30708269001973,94.30708312988281,-4.3986308639887284e-07
200.71090513599188,200.71090698242188,-1.846429995566723e-06
93.16694316094693,93.16694641113281,-3.2501858839850684e-06
48.786749545081925,48.7867431640625,6.381019424850365e-06
57.866662898121454,57.866668701171875,-5.803050420638556e-06
-131.80404488048043,-131.80404663085938,1.7503789422335103e-06
-32.46526341408637,-32.46527099609375,7.582007377493483e-06
-16.434692921664393,-16.4346923828125,-5.388518928839403e-07
-38.501482732961996,-38.50148010253906,-2.630422933691534e-06
-158.84969929525394,-158.84970092773438,1.6324804334999499e-06
80.10669480969243,80.106689453125,5.356567427838854e-06
-97.53491237445982,-97.534912109375,-2.650848216489976e-07
-31.713214318773638,-31.713211059570312,-3.259203325001181e-06
-149.2129771622948,-149.21298217773438,5.015439569433511e-06
59.626519415088765,59.62652587890625,-6.463817484814172e-06
121.01065396347528,121.01065063476562,3.328709652805628e-06
-74.488888999574,-74.4888916015625,2.6019884984407327e-06
-9.053678546800015,-9.053680419921875,1.8731218602852096e-06
190.22663417975716,190.2266387939453,-4.614188156892851e-06
90.13400454241871,90.13400268554688,1.8568718331835044e-06
-329.89014037325364,-329.89013671875,-3.6545036437019007e-06
-94.2275707953641,-94.22756958007812,-1.2152859767411428e-06
142.86810221824746,142.86810302734375,-8.090962921869504e-07
21.808510643537197,21.808517456054688,-6.8125174905731e-06
-27.84816618250372,-27.848159790039062,-6.392464658944164e-06
21.24118741587789,21.241180419921875,6.995956013611249e-06
33.197772454640734,33.19776916503906,3.289601671951914e-06
-206.94960807666504,-206.94961547851562,7.40185058134557e-06
131.70822936425367,131.70823669433594,-7.33008226916354e-06
43.401221329925754,43.401214599609375,6.7303163788778875e-06
-94.14005520153695,-94.14006042480469,5.223267734777437e-06
-16.40512382575609,-16.405120849609375,-2.97614671396218e-06
-171.72426070608554,-171.72425842285156,-2.283233982325328e-06
12.29871127600112,12.2987060546875,5.221313619685475e-06
-98.6013407917499,-98.60133361816406,-7.173585842679131e-06
105.26221284999684,105.26220703125,5.818746842578548e-06
-237.05072002913835,-237.05072021484375,1.857054030551808e-07
82.923722708898,82.92372131347656,1.3954214352907002e-06
67.18337229276443,67.18336486816406,7.424600369176915e-06
38.982132131067004,38.98213195800781,1.7305919186583196e-07
-131.54974884170738,-131.54974365234375,-5.18936363391731e-06
-4.416751620288769,-4.416748046875,-3.5734137693310686e-06
-93.10472266309347,-93.10472106933594,-1.5937575312818808e-06
-250.53594449771873,-250.53594970703125,5.209312519127707e-06
-166.00544531169,-166.0054473876953,2.0760053018875624e-06
13.493792197752198,13.493789672851562,2.524900635236804e-06
-13.5381774146076,-13.538177490234375,7.562677417638497e-08
-56.580313770582194,-56.58030700683594,-6.763746256410741e-06
-62.92390503256793,-62.92390441894531,-6.136226176067794e-07
-65.19512919915233,-65.19512939453125,1.953789166009301e-07
-308.89196742855717,-308.8919677734375,3.4488033406887553e-07
45.97649950565599,45.97650146484375,-1.959187763134196e-06
-177.75038050851825,-177.75038146972656,9.61208314720352e-07
198.79246136104936,198.79246520996094,-3.848911575232705e-06
124.02207872450263,124.02207946777344,-7.43270803127416e-07
142.97992214588064,142.97991943359375,2.712286885753201e-06
47.90170711967699,47.901702880859375,4.2388176169083636e-06
99.2333931939683,99.2333984375,-5.243531703058579e-06
167.86325379749374,167.86325073242188,3.0650718656488607e-06
15.16336876044373,15.163375854492188,-7.094048458000657e-06
-288.78620685953473,-288.7862091064453,2.2469105829259206e-06
12.77197851629769,12.77197265625,5.860047689765224e-06
-139.51519810940394,-139.51519775390625,-3.554976899522444e-07
36.126856724480476,36.126861572265625,-4.8477851493089474e-06
148.06053645416597,148.06053161621094,4.837955032144237e-06
135.9058896404279,135.9058837890625,5.851365386888574e-06
137.74975054145614,137.749755859375,-5.3179188626018e-06
-45.6919530516369,-45.69195556640625,2.514769349204471e-06
-89.72228998775438,-89.7222900390625,5.130812041898025e-08
32.00059607620803,32.00059509277344,9.834345959802704e-07
-66.84746657578268,-66.84747314453125,6.5687485744092555e-06
40.787016388450475,40.787017822265625,-1.433815150164719e-06
-41.386673261729975,-41.38667297363281,-2.880971621266326e-07
76.63912972838388,76.63912963867188,8.971200315954775e-08
161.61899221693344,161.61898803710938,4.179824060202009e-06
78.81408957544096,78.8140869140625,2.6613784598339407e-06
-243.28640985993718,-243.28640747070312,-2.3892340550446534e-06
-128.51577674502548,-128.51577758789062,8.428651483427529e-07
-27.170501544341608,-27.170501708984375,1.6464276697547575e-07
-16.966474071311357,-16.966476440429688,2.3691183308471864e-06
-118.4425440214937,-118.44255065917969,6.637685984856034e-06
22.38688764612,22.386886596679688,1.0494403142047304e-06
240.0315208316999,240.03152465820312,-3.826503217396748e-06
53.69485753873946,53.694854736328125,2.8024113376545756e-06
-67.89020988727673,-67.89021301269531,3.1254185870466245e-06
47.19615914304938,47.19615173339844,7.409650940815027e-06
65.9525386719339,65.95254516601562,-6.4940817310343846e-06
-251.59282550785008,-251.5928192138672,-6.293982892202621e-06
55.27853355059823,55.278533935546875,-3.84948641851679e-07
-23.731588983858924,-23.731582641601562,-6.342257361069414e-06
25.175021521439497,25.175018310546875,3.2108926220075773e-06
-122.63437506952125,-122.63436889648438,-6.17303687988624e-06
-107.96938469114775,-107.96939086914062,6.177992872835603e-06
-165.14060709363108,-165.14060974121094,2.6475798620140267e-06
-42.42610814486606,-42.42610168457031,-6.46029575079865e-06
-17.239106841023524,-17.239105224609375,-1.6164141491969986e-06
17.207005676047178,17.207000732421875,4.9436253029000454e-06
158.98600054559168,158.9860076904297,-7.144838008343868e-06
9.546139112293739,9.546142578125,-3.4658312610957864e-06
-118.49943218910029,-118.49943542480469,3.23570439775267e-06
75.94071042101729,75.94070434570312,6.075314161080314e-06
-4.026324022970308,-4.0263214111328125,-2.611837495614111e-06
-125.5788400682937,-125.57884216308594,2.0947922365621707e-06
-74.81072337374573,-74.81072998046875,6.606723019331184e-06
-34.95588412206758,-34.95588684082031,2.7187527322780625e-06
-115.51453033878609,-115.5145263671875,-3.971598587781955e-06
-23.003727456206693,-23.00372314453125,-4.311675443346985e-06
-179.19735048459262,-179.19735717773438,6.693141756386467e-06
81.68951052289651,81.68951416015625,-3.6372597378431237e-06
-51.98909204262728,-51.98908996582031,-2.0768069646237564e-06
125.94657903151186,125.94657897949219,5.201967212542513e-08
70.65292908267824,70.65292358398438,5.498693866456961e-06
-11.009514674747988,-11.009521484375,6.809627011605812e-06
24.113541118851625,24.113540649414062,4.6943756260020564e-07
81.28718015759124,81.28718566894531,-5.511354075338204e-06
-17.73555634174533,-17.735549926757812,-6.4149875171892745e-06
61.38703132756869,61.38702392578125,7.401787442518071e-06
81.19270273733952,81.19270324707031,-5.097307962387276e-07
29.238675982526363,29.238677978515625,-1.9959892618715003e-06
108.5676090366765,108.56761169433594,-2.6576594365224082e-06
-54.16999087893248,-54.16999816894531,7.290012831617787e-06
70.08897888511747,70.08897399902344,4.886094032485744e-06
-151.71104843217788,-151.71104431152344,-4.12065443811116e-06
23.803827992755934,23.8038330078125,-5.015056565582654e-06
50.98712272528635,50.98712158203125,1.1432550977019673e-06
78.21993853291069,78.21994018554688,-1.652636186122436e-074.48448437745665,74.48448181152344,2.565933215237237e-06
25.81298111935334,25.81298828125,-7.1618966615005775e-06
-82.17458675-34.65540573953886,-34.65541076660156,5.027062705664775e-06
-102.94284104849153,-102.94284057617188,-4.723196553868547e-07
38.267678837496696,38.26768493652344,-6.099026741424041e-06
-45.91866081443329,-45.91865539550781,-5.418925475453307e-06
18.457089699066355,18.45709228515625,-2.5860898951179934e-06
32.181222243764154,32.18122863769531,-6.39393115875464e-06
-77.06188633678566,-77.0618896484375,3.3116518380893467e-06
-35.28210201692906,-35.2821044921875,2.475258440881589e-06
117.14467367184082,117.14466857910156,5.092739257861467e-06
187.04771136466252,187.04771423339844,-2.8687359190371353e-06
-102.98293106674038,-102.98292541503906,-5.651701314945967e-06
198.48714915794133,198.48715209960938,-2.9416680433769216e-06
-163.70561627579363,-163.7056121826172,-4.093176443120683e-06
-16.74668943357186,-16.746688842773438,-5.907984217401463e-07
38.813017070977004,38.813018798828125,-1.7278511208473901e-06
-8.413636761255356,-8.41363525390625,-1.5073491059780508e-06
-49.763873545993064,-49.76387023925781,-3.3067352518401094e-06
-58.31976199760918,-58.31976318359375,1.1859845727713036e-06
-67.70783242711258,-67.70783996582031,7.538707734511263e-06
0.7684567823206507,0.768463134765625,-6.352444974266902e-06
205.00993107567626,205.0099334716797,-2.3960034241099493e-06
97.96148284443632,97.96148681640625,-3.971969931626518e-06
-114.47263766411675,-114.47264099121094,3.3270941912633134e-06
-76.6015450008756,-76.60154724121094,2.2403353341360344e-06
-169.46955181784963,-169.4695587158203,6.897970678210186e-06
183.79784864315062,183.7978515625,-2.919349384455927e-06
242.49373959383897,242.49374389648438,-4.302645407960881e-06
-28.330146153193382,-28.33013916015625,-6.9930371324744556e-06
-35.82890524680302,-35.82890319824219,-2.0485608303033587e-06
-75.60912937693696,-75.609130859375,1.4824380372147061e-06
-24.44999810027479,-24.449996948242188,-1.1520326026470684e-06
20.731555857370605,20.731552124023438,3.7333471674116936e-06
-41.18475848355369,-41.18475341796875,-5.0655849435088385e-06
129.66814156850836,129.6681365966797,4.971828673205891e-06
-56.71817727098323,-56.718170166015625,-7.104967608029256e-06
23.158159935951105,23.158157348632812,2.5873182920577165e-06
-59.19906389260657,-59.199066162109375,2.26950280790561e-06
-68.95797994368141,-68.95797729492188,-2.648759533485645e-06
-16.023294806439246,-16.023300170898438,5.364459191525839e-06
45.409547623532546,45.4095458984375,1.7250950463676418e-06
60.23329169815687,60.23329162597656,7.218030617650584e-08
-83.56734010083933,-83.56733703613281,-3.0647065187849876e-06
42.33698377952675,42.33699035644531,-6.576918565315282e-06
-166.23821983713304,-166.23822021484375,3.777107053792861e-07
192.81840293314323,192.8184051513672,-2.218223954741916e-06
62.95823992185116,62.95823669433594,3.2275152221927783e-06
85.34968727816023,85.34968566894531,1.6092149195401362e-06
86.21969601026623,86.21969604492188,-3.465564191174053e-08
48.242788581554116,48.24278259277344,5.9887806784786335e-06
50.132510892234905,50.13250732421875,3.568016154531506e-06
157.27365546724994,157.27365112304688,4.344203063055829e-06
-79.90458516289122,-79.90458679199219,1.6291009643509824e-06
-74.27270333544458,-74.272705078125,1.7426804248543704e-06
-194.14827982617837,-194.14828491210938,5.0859310078976705e-06
-49.342640908692225,-49.34263610839844,-4.8002937873548035e-06
-80.95154529669232,-80.9515380859375,-7.210754816355802e-06
180.6620121766155,180.66201782226562,-5.645650134056268e-06
40.05048986892913,40.05049133300781,-1.4640786858421961e-06
-180.60588660441994,-180.6058807373047,-5.867115248747723e-06
117.84872001590232,117.84872436523438,-4.349332058950495e-06
8.804620710950967,8.80462646484375,-5.753892782678349e-06
211.11945633676,211.1194610595703,-4.722810302837388e-06
20.62415221679293,20.6241455078125,6.708980428982159e-06
54.959931449272744,54.959930419921875,1.0293508694303455e-06
-132.54740457171965,-132.5474090576172,4.485897534323158e-06
4.921956473358717,4.9219512939453125,5.179413404832189e-06
-32.45800271261228,-32.4580078125,5.099887722792573e-06
153.79583262959568,153.79583740234375,-4.772748070536181e-06
-6.36127143547475,-6.36126708984375,-4.345630999935679e-06
64.2142382513516,64.2142333984375,4.852914102571049e-06
85.24579435146252,85.24578857421875,5.777243771376561e-06
2.580570402580398,2.58056640625,3.996330398159387e-06
44.579616268045164,44.579620361328125,-4.093282960582201e-06
-152.1381645367272,-152.13816833496094,3.7982337346420536e-06
38.187505635253906,38.1875,5.635253906177695e-06
-295.60893182583163,-295.6089324951172,6.692855549772503e-07
10.200871629658089,10.20086669921875,4.9304393385796175e-06
201.37908268102143,201.37908935546875,-6.6744473201652e-06
174.03351836327448,174.0335235595703,-5.196295830955933e-06
173.17565550611553,173.1756591796875,-3.673571967510725e-06
-102.76759617972117,-102.76759338378906,-2.7959321045045726e-06
-46.76238233059163,-46.76237487792969,-7.452661940021699e-06
-66.61885944441622,-66.61886596679688,6.522380658680049e-06
-66.21062917313377,-66.21063232421875,3.1510849822780074e-06
39.034219530985496,39.03422546386719,-5.932881691705916e-06
275.80668638726206,275.8066864013672,-1.41051259561209e-08
-60.71903798960052,-60.71903991699219,1.927391664935385e-06
133.2341916770181,133.23419189453125,-2.1751316126028541e-07
-74.10998189547172,-74.1099853515625,3.4560907806735486e-06
-25.478349401157278,-25.478347778320312,-1.6228369652537822e-06
61.233914057943345,61.233917236328125,-3.178384780255783e-06
149.29835028986233,149.29835510253906,-4.812676735355126e-06
37.32845347202896,37.328460693359375,-7.2213304136425904e-06
79.42972677638848,79.42973327636719,-6.499978709939569e-06
69.75536659189818,69.75537109375,-4.501851819327385e-06
-7.484143966146028,-7.4841461181640625,2.1520180348844065e-06
118.00717598677743,118.00717163085938,4.355918051146546e-06
166.12596259631349,166.12596130371094,1.2926025476645009e-06
221.518092412248,221.51809692382812,-4.511580129928916e-06
75.85435761682545,75.85435485839844,2.7584270156921775e-06
-122.81620925095855,-122.81620788574219,-1.3652163630695213e-06
-26.850924647747764,-26.850921630859375,-3.0168883888848086e-06
-36.65581605920143,-36.65582275390625,6.694704822507447e-06
-124.01340390887341,-124.01339721679688,-6.692076539138725e-06
-133.91522042758277,-133.91522216796875,1.740385982884618e-06
-25.539300597970758,-25.539306640625,6.042654241866785e-06
59.699155696545105,59.69915771484375,-2.0182986446570794e-06
-6.6666324743907195,-6.6666259765625,-6.4978282194871895e-06
-37.65318567828217,-37.65318298339844,-2.6948837330564857e-06
-207.86361253861756,-207.86361694335938,4.4047418157333595e-06
-156.1481319555967,-156.14813232421875,3.686220395593409e-07
-9.028883136137257,-9.028884887695312,1.751558055929081e-06
5.53341234543647,5.533416748046875,-4.402610405129792e-06
-62.463996125669716,-62.4639892578125,-6.867857216263928e-06
-157.89433999920433,-157.8943328857422,-7.113462146435268e-06
-248.99804860780205,-248.998046875,-1.7328020476270467e-06
3.516966358893927,3.5169677734375,-1.4145435729417954e-06
162.91379177030606,162.91378784179688,3.928509187289819e-06
-139.9725890625177,-139.97259521484375,6.152326051278578e-06
19.795503542351547,19.795501708984375,1.8333671718551159e-06
68.92748446004882,68.927490234375,-5.774326183427547e-06
-132.1979649115415,-132.19796752929688,2.6177553706929757e-06
-187.24594550004403,-187.24594116210938,-4.337934655040954e-06
-44.22858169410397,-44.22857666015625,-5.033947722665744e-06
-118.1450235562374,-118.14501953125,-4.024987404704916e-06
41.58311467582987,41.58311462402344,5.180643114499617e-08
45.87852093408897,45.87852478027344,-3.846184469580294e-06
0.04648471699599407,0.046478271484375,6.445511619067312e-06
-38.24140466428249,-38.24140930175781,4.637475321089823e-06
21.711225070158118,21.711227416992188,-2.34683406930003e-06
-6.985512966795977,-6.9855194091796875,6.442383710059119e-06
-11.253147318591166,-11.253143310546875,-4.008044291126112e-0-7.229621349737151,-7.2296142578125,-7.0919246510925404e-06
120.80031289889396,120.80030822753906,4.671354901120139e-06
-138.336112.9511251471267,112.95112609863281,-9.515061094589328e-07
-109.87192274166961,-109.87191772460938,-5.017060232148651e-06
-42.41827627151089,-42.41827392578125,-2.345729640751415e-06
-45.509864931344374,-45.50987243652344,7.5051790631164295e-06
-51.89701404753506,-51.89701843261719,4.3850821285218444e-06
-142.6343743271079,-142.63436889648438,-5.43062353131063e-06
31.97255331198478,31.972549438476562,3.873508216400978e-06
53.819156065531736,53.81915283203125,3.233500486032881e-06
-113.91489022849643,-113.91488647460938,-3.7538870572007e-06
12.762230700520044,12.762237548828125,-6.848308080620313e-06
120.00851346676082,120.00851440429688,-9.375360576768799e-07
-27.388092604895032,-27.388092041015625,-5.638794071671782e-07
-169.50974611853212,-169.50975036621094,4.24767881668231e-06
50.196293057600975,50.1962890625,3.995100975373589e-06
172.34497556238398,172.344970703125,4.859258979195147e-06
-162.1851989244803,-162.18519592285156,-3.001628726906347e-06
-58.25648767929162,-58.25648498535156,-2.6939400541436953e-06
-20.208818106000216,-20.208816528320312,-1.577679903164153e-06
-33.3337251277202,-33.33372497558594,-1.521342625210309e-07
52.49935729489419,52.499359130859375,-1.8359651861032944e-06
-67.75128873150261,-67.75128173828125,-6.9932213619949835e-06
-30.350552745598552,-30.350555419921875,2.6743233227932706e-06
53.80543410982478,53.80543518066406,-1.0708392821356938e-06
22.630668034988695,22.630661010742188,7.02424650711464e-06
-28.190220188457893,-28.190216064453125,-4.124004767902534e-06
95.00052077983061,95.00051879882812,1.981002483830707e-06
224.78579505169654,224.78579711914062,-2.0674440861512267e-06
17.103860373654257,17.103866577148438,-6.203494180567759e-06
52.446939069521264,52.44694519042969,-6.12090842366797e-06
-54.48619510575269,-54.48619079589844,-4.309854254813672e-06
-1.0224525861755651,-1.0224456787109375,-6.907464627614601e-06
-50.70652220072782,-50.70652770996094,5.509233119482815e-06
10.93081037963225,10.930816650390625,-6.270758374782304e-06
-32.28536089115114,-32.28535461425781,-6.276893330436906e-06
-16.00920522937844,-16.009201049804688,-4.179573753759769e-06
94.49196572041971,94.49195861816406,7.102255651147971e-06
4.714678306097769,4.7146759033203125,2.4027774561119486e-06
112.24645556716787,112.2464599609375,-4.393769629018607e-06
-45.52298632898294,-45.522979736328125,-6.5926548131756135e-06
136.88564792602898,136.88565063476562,-2.708736644763121e-06
-122.79430757279272,-122.7943115234375,3.9506447819803725e-06
-77.12986353392162,-77.12986755371094,4.019789315634625e-06
21.070921570162227,21.0709228515625,-1.2814002730010543e-06
12.797470189237819,12.797470092773438,9.646438137167479e-08
115.20504898344207,115.20504760742188,1.376020193788463e-06
181.65841709979583,181.65841674804688,3.517489517435024e-07
-98.39933443468301,-98.39933776855469,3.3338716747266517e-06
-202.6026660222132,-202.6026611328125,-4.88940071363686e-06
140.68669728518148,140.6866912841797,6.001001793265459e-06
-73.23024606701709,-73.23023986816406,-6.198853029104612e-06
29.88267009913033,29.882675170898438,-5.071768107711705e-06
-2.945220732787903,-2.945220947265625,2.1447772180493985e-07
41.125803817523604,41.12580871582031,-4.8982967086885765e-06
-178.82531659939954,-178.8253173828125,7.83412957616747e-07
34.7652208955557,34.765228271484375,-7.375928674946408e-06
147.31457559050452,147.3145751953125,3.9519201777693524e-07
89.97701745979738,89.97702026367188,-2.80387449436148e-06
-65.2823018767748,-65.28230285644531,9.796705171538633e-07
44.710047522003094,44.710052490234375,-4.968231280599866e-06
-90.62012253645926,-90.6201171875,-5.3489592630739935e-06
29.502141852003625,29.50213623046875,5.621534874933332e-06
-30.06627546472227,-30.066268920898438,-6.543823833027318e-06
9.504500360985473,9.504501342773438,-9.817879647044947e-07
-58.32522550521139,-58.325225830078125,3.2486673262610566e-07
-100.45691357259706,-100.4569091796875,-4.392909559669533e-06
-50.435411299516716,-50.43540954589844,-1.7536182781441312e-06
-4.53177350727461,-4.531768798828125,-4.708446485146567e-06
130.20881343450355,130.2088165283203,-3.093816758337198e-06
-142.68558146958483,-142.68557739257812,-4.077006707348119e-06
-45.41437736870722,-45.41438293457031,5.5658630913058005e-06
-73.34171407256449,-73.34172058105469,6.508490201895256e-06
-155.33902175745527,-155.33901977539062,-1.9820646457446855e-06
-153.048752583597,-153.0487518310547,-7.525423200149817e-07
-98.1111539038779,-98.11116027832031,6.374442406809067e-06
-55.01038292920206,-55.0103759765625,-6.952639559187901e-06
53.83471148967535,53.834716796875,-5.30719965041726e-06
-119.84340157834389,-119.84339904785156,-2.5304923241264987e-06
95.00274285362278,95.00274658203125,-3.728408472625233e-06
-25.684159531967648,-25.684158325195312,-1.20677233539368e-06
286.0026378685245,286.0026397705078,-1.901983296193066e-06
104.1220882198061,104.12208557128906,2.648517039460785e-06
-108.73101613611884,-108.73101806640625,1.9302874108007018e-06
-104.60611196109218,-104.60610961914062,-2.341951557127686e-06
88.74908399462932,88.74908447265625,-4.780269335924459e-07
-18.01474885698876,-18.014755249023438,6.392034677560332e-06
155.56287833791922,155.56288146972656,-3.131807346790083e-06
-1.1091323177486387,-1.109130859375,-1.4583736387407953e-06
-208.50935797405165,-208.5093536376953,-4.3363563406728645e-06
85.26159302987351,85.2615966796875,-3.6498139905916105e-06
150.4674535868316,150.4674530029297,5.839019081577135e-07
-24.806954505479677,-24.806961059570312,6.554090635546572e-06
-23.929364589633163,-23.929367065429688,2.4757965242372393e-06
130.9873006702212,130.9873046875,-4.017278797618928e-06
-43.799685157812355,-43.7996826171875,-2.5406248553849764e-06
-121.40807299566434,-121.40806579589844,-7.19976590346505e-06
34.32441876797292,34.32441711425781,1.6537151097395508e-06
-26.41038631054126,-26.410385131835938,-1.17870532179154e-06
50.391095393793265,50.39109802246094,-2.6286676728659586e-06
-96.06513409204433,-96.06513977050781,5.67846348076273e-06
10.089942222339648,10.089935302734375,6.919605272770468e-06
121.794150877578,121.79414367675781,7.200820192565516e-06
-97.46004395427377,-97.46003723144531,-6.7228284592601995e-06
73.52056525322911,73.52056884765625,-3.5944271417065465e-06
163.95737621108452,163.95738220214844,-5.991063915189443e-06
118.16347643387631,118.16348266601562,-6.2321393130559954e-06
-159.5856534550023,-159.5856475830078,-5.871994488870769e-06
-16.416003069176746,-16.416000366210938,-2.7029658085098163e-06
153.7168307256312,153.71682739257812,3.333053086862492e-06
-174.9596398386191,-174.9596405029297,6.643105905368429e-07
132.96123377477065,132.9612274169922,6.357778460142072e-06
111.54396110101199,111.54396057128906,5.297229250800228e-07
221.85110564130278,221.85110473632812,9.049746552136639e-07
-68.58224261184719,-68.58224487304688,2.2611996826071845e-06
56.99071531221614,56.99072265625,-7.344033861045318e-06
6.004390144794701,6.00439453125,-4.386455299432157e-06
-72.98109201536744,-72.98109436035156,2.3449841251022008e-06
101.84578368598928,101.84577941894531,4.26704396261357e-06
14.533180640137777,14.533187866210938,-7.2260731602824535e-06
165.10541598187908,165.1054229736328,-6.991753735974271e-06
112.50411438852701,112.50411987304688,-5.484519860488035e-06
67.87020901239066,67.87020874023438,2.7215628506382927e-07
77.74513001509544,77.74513244628906,-2.431193621532657e-06
95.3926327146098,95.39263916015625,-6.445546446798289e-06
75.47271699103686,75.47271728515625,-2.941193883998494e-07
116.87112392160425,116.87112426757812,-3.4597387355006504e-07
40.22133159074821,40.22132873535156,2.855396644463326e-06
-139.30703482280222,-139.30703735351562,2.530713402393303e-06
-159.22293281564805,-159.22293090820312,-1.90744492556405e-06
255.3830544669891,255.383056640625,-2.1736358917223697e-06
107.27992892183309,107.27992248535156,6.436481527316573e-06
-131.44530688849514,-131.4453125,5.611504860780769e-06
27.25051781367804,27.250518798828125,-9.85150084176211-29.525315711172773,-29.525314331054688,-1.3801180855921302e-06
-134.36020192925577,-134.36019897460938,-2.954646390662674e-06
280.28151515472035,280.28150939941406,5.7553062902115926e-06
275.2782388503471,275.2782440185547,-5.168207565020566e-06
-10.983939928071987,-10.983932495117188,-7.432954799213576e-06
-21.57208190738706,-21.57208251953125,6.121441913364833e-07
-91.16104613284843,-91.16104125976562,-4.87308280128218e-06
-1.6338584979573214,-1.6338653564453125,6.858487991090456e-06
311.4213525056096,311.4213562011719,-3.69556227042267e-06
-102.13337469043059,-102.13337707519531,2.3847647270258676e-06
-3.517646367826687,-3.51763916015625,-7.2076704369372635e-06
205.03512643313604,205.03512573242188,7.007141675785533e-07
-35.178629841314496,-35.17863464355469,4.802240191281726e-06
43.14294875578052,43.1429443359375,4.419843023129033e-06
-26.993889257656544,-26.993896484375,7.226718455655146e-06
39.49308862771661,39.49308776855469,8.591619220510438e-07
70.78459301824404,70.78459167480469,1.3434393508759968e-06
-63.74091994698077,-63.74092102050781,1.0735270450368262e-06
9.464250728931425,9.464248657226562,2.0717048627716395e-06
-77.87362722244167,-77.87362670898438,-5.134572944598403e-07
-63.6110362118757,-63.61103820800781,1.996132112935811e-06
-84.25470169669923,-84.25469970703125,-1.989667978818943e-06
15.35082782330466,15.350830078125,-2.2548203393313315e-06
-78.9790825955557,-78.97908020019531,-2.3953603829340864e-06
57.69004886335567,57.69004821777344,6.455822330053707e-07
59.30698477873771,59.30699157714844,-6.798410730368687e-06
0.018611854615318613,0.01861572265625,-3.868040931387373e-06
-103.7750235768533,-103.7750244140625,8.372091997443931e-07
79.33455011693206,79.33454895019531,1.1667367516565719e-06
-35.54395654818343,-35.54396057128906,4.0231056317452385e-06
48.25173746231868,48.251739501953125,-2.0396344453388338e-06
-95.96677841035354,-95.96678161621094,3.20585739643775e-06
-237.38213608142863,-237.38214111328125,5.031852623460509e-06
-160.06093102310118,-160.06092834472656,-2.678374613651613e-06
27.69644055782703,27.696441650390625,-1.092563593374507e-06
21.01933125099662,21.019332885742188,-1.6347455691345658e-06
-64.8108375587007,-64.81083679199219,-7.667085100138138e-07
-91.9891567579111,-91.98915100097656,-5.756934541523151e-06
-42.977678304911805,-42.97767639160156,-1.913310242684929e-06
119.47457401870372,119.47457885742188,-4.838718155042443e-06
-54.342364377701216,-54.34236145019531,-2.9275059034716833e-06
125.90264954003165,125.90264892578125,6.142503963246781e-07
87.59928974612117,87.59928894042969,8.056914850840258e-07
24.757978293544394,24.757980346679688,-2.053135293778041e-06
153.12623376127925,153.12623596191406,-2.2006348103786877e-06
54.20943945533914,54.209442138671875,-2.6833327382291827e-06
-137.2666550608722,-137.26666259765625,7.5367840395301755e-06
41.386518451536276,41.38652038574219,-1.9342059118798716e-06
9.14431946854515,9.144317626953125,1.841592025542127e-06
-13.661097817864935,-13.661102294921875,4.4770569402885485e-06
-53.705751086551295,-53.70574951171875,-1.5748325452591416e-06
63.90991762427284,63.909912109375,5.514897843283961e-06
-54.28646701930888,-54.286468505859375,1.4865504951444564e-06
81.62965595600151,81.62965393066406,2.0253374515277756e-06
135.35016575985182,135.35015869140625,7.068445569302639e-06
-124.16577478261824,-124.165771484375,-3.2982432429662367e-06
41.37968389322791,41.37968444824219,-5.550142745391895e-07
176.787683275622,176.78768920898438,-5.933362388077512e-06
148.04965671219122,148.04965209960938,4.612581847140973e-06
-42.519797781593084,-42.51979064941406,-7.13217902159613e-06
-105.02497502273293,-105.02497863769531,3.6149623809933473e-06
50.11388180563941,50.11387634277344,5.462865971139763e-06
-76.02463050774807,-76.02462768554688,-2.822201196295282e-06
86.00525960431386,86.00526428222656,-4.677912698980435e-06
-119.33902655666552,-119.33901977539062,-6.781274890954592e-06
150.36066300496583,150.36065673828125,6.266684579259163e-06
120.70252198644218,120.7025146484375,7.338004678558718e-06
-55.78850380149987,-55.78849792480469,-5.876695183815173e-06
11.135697407321741,11.135696411132812,9.96188928681363e-07
199.1364384550481,199.13644409179688,-5.636748767301469e-06
-55.62539105160281,-55.625396728515625,5.676912813612489e-06
-71.87584848325567,-71.8758544921875,6.008931833889619e-06
32.08625818964205,32.08625793457031,2.5507173972982855e-07
-0.3278958130664284,-0.3278961181640625,3.050976341012479e-07
-181.8360592305519,-181.8360595703125,3.397605894406297e-07
-49.10986781943001,-49.10986328125,-4.538180007784831e-06
55.446901671008916,55.4468994140625,2.2569464164234887e-06
-36.96100411276855,-36.96099853515625,-5.577612299134671e-06
59.33799738983837,59.33799743652344,-4.668506647931281e-08
-15.217086982482513,-15.217086791992188,-1.9049032573548175e-07
-191.15727559118997,-191.1572723388672,-3.252322784419448e-06
-33.61136294317253,-33.611358642578125,-4.3005944050378275e-06
71.10785481064127,71.10784912109375,5.689547521114946e-06
-148.06568769968783,-148.06568908691406,1.3872262343284092e-06
171.18853030186068,171.18853759765625,-7.295795569461916e-06
8.930451134753277,8.930450439453125,6.953001516762924e-07
72.80062394640032,72.80062866210938,-4.715709053471073e-06
-33.37722632066182,-33.377227783203125,1.462541305841114e-06
164.4867549399567,164.48675537109375,-4.311370389586955e-07
78.31774170773534,78.3177490234375,-7.31570216316868e-06
-14.838576174196001,-14.838577270507812,1.096311811110695e-06
41.16574465973609,41.165740966796875,3.692939216648483e-06
19.790902887753358,19.790908813476562,-5.925723204569522e-06
206.9898595533606,206.98985290527344,6.648087151006621e-06
4.281798743137981,4.28179931640625,-5.732682692993762e-07
-60.901592587318994,-60.90159606933594,3.482016943223698e-06
-303.7699092004706,-303.76991271972656,3.5192559835195425e-06
-151.57525454778565,-151.57525634765625,1.799870602781084e-06
-251.53920478758494,-251.53919982910156,-4.958483373229683e-06
-27.590405023667216,-27.590408325195312,3.3015280962445104e-06
-207.24314676334967,-207.24314880371094,2.04036126660867e-06
176.08053087120973,176.08053588867188,-5.017462143541707e-06
-13.163198682456006,-13.163192749023438,-5.933432568383523e-06
-37.71465145154096,-37.71464538574219,-6.065798771714981e-06
-50.05197335431652,-50.051971435546875,-1.9187696480571503e-06
240.90067889720237,240.9006805419922,-1.644789819010839e-06
-102.13101098395794,-102.13101196289062,9.7893268957705e-07
80.55232143947707,80.55232238769531,-9.482182434794595e-07
-78.7239235975835,-78.72392272949219,-8.680913055059136e-07
120.83242575991898,120.83242797851562,-2.2185966486176767e-06
-12.043519213034303,-12.04351806640625,-1.1466280529504047e-06
-10.094786419872758,-10.09478759765625,1.1777834920678742e-06
130.12780322422745,130.1278076171875,-4.3929600508363364e-06
-36.83784892894098,-36.83784484863281,-4.080308166010127e-06
-204.58212350674256,-204.58212280273438,-7.040081868581183e-07
-23.45646307817263,-23.456466674804688,3.596632058844307e-06
9.76908417055559,9.769088745117188,-4.574561597081583e-06
-137.75023861278825,-137.750244140625,5.527836748342452e-06
-35.99071275843739,-35.99070739746094,-5.360976452095656e-06
127.89227610599553,127.89227294921875,3.1567767848628137e-06
-59.45891067314707,-59.45890808105469,-2.592092378961297e-06
136.6959101923925,136.69590759277344,2.5996190515797934e-06
22.96566871944331,22.965667724609375,9.948339361187664e-07
33.96736522996905,33.96736145019531,3.779773734891023e-06
-114.28461064248945,-114.28460693359375,-3.708895704335191e-06
-104.10763333131914,-104.10763549804688,2.166727739449925e-06
-35.64662698617626,-35.64662170410156,-5.282074695855954e-06
73.11500843981602,73.11500549316406,2.9466519606557995e-06
208.52272661435632,208.52272033691406,6.27744225312199e-06
69.62920038747504,69.62919616699219,4.220482850314511e-06
23.077075079940727,23.077072143554688,2.9363860392095376e-06
-66.10539939348176,-66.10539245605469,-6.93742707369438e-06
96.07455838402801,96.07455444335938,3.940668634072608e-06
21.181800679022743,21.-20.054305464408575,-20.054306030273438,5.65864862522858e-07
256.4035309114807,256.4035339355469,-3.0240661885727604e-06
-201.84719534610227,-201.84719848632812,297.7681736216964,297.76817321777344,4.0392296796198934e-07
-39.23981843830734,-39.23982238769531,3.94938797398936e-06
-116.55273297884168,-116.552734375,1.3961583249511023e-06
-78.89125146882192,-78.89125061035156,-8.584703579117559e-07
73.7706306473872,73.7706298828125,7.645746933349074e-07
15.037262289486971,15.037261962890625,3.2659634641163393e-07
-15.384279488644797,-15.38427734375,-2.1448947968849552e-06
-160.4818632644441,-160.4818572998047,-5.964639399280713e-06
75.17176438107691,75.17176818847656,-3.8073996506682306e-06
-28.313658725494516,-28.31365966796875,9.424742337671432e-07
16.041411815085137,16.041412353515625,-5.384304877509294e-07
-34.278317671792145,-34.2783203125,2.6407078550505503e-06
-76.26106314758573,-76.26106262207031,-5.2551541784851e-07
97.27177228650591,97.27177429199219,-2.0054862801544004e-06
50.6786727921213,50.678680419921875,-7.627800577836297e-06
-4.028609190589596,-4.0286102294921875,1.0389025915102934e-06
-67.28737745588869,-67.28738403320312,6.577314437095083e-06
-89.36250760981267,-89.36250305175781,-4.558054854442162e-06
107.40716284575774,107.40716552734375,-2.6815860110218637e-06
-5.008377367323022,-5.0083770751953125,-2.9212770957798284e-07
-14.206204153072894,-14.206207275390625,3.1223177305861327e-06
106.92692159092326,106.92692565917969,-4.068256430400652e-06
212.27746928794755,212.2774658203125,3.4676350537665712e-06
-146.6791861662974,-146.67918395996094,-2.2063364610858116e-06
-25.220033465679396,-25.22003173828125,-1.7273981463006294e-06
-44.337919285182494,-44.337921142578125,1.857395631077452e-06
-184.28498627563587,-184.2849884033203,2.127684439301447e-06
46.250767045757755,46.250762939453125,4.106304629658553e-06
-106.69838733985976,-106.69839477539062,7.435530861243933e-06
-17.64196068365117,-17.6419677734375,7.089786329572689e-06
85.87285665715359,85.87286376953125,-7.112377659268532e-06
-58.54922856630296,-58.549224853515625,-3.7127873326880945e-06
32.446996501375466,32.446990966796875,5.534578590982164e-06
62.003106064430945,62.00311279296875,-6.728537805145152e-06
85.2692062576569,85.26921081542969,-4.55777278318692e-06
112.1500841058275,112.15008544921875,-1.3433912471327858e-06
422.5991445978919,422.5991516113281,-7.013436231773085e-06
-114.92372916157444,-114.92373657226562,7.410691182485607e-06
23.304695521377113,23.304702758789062,-7.237411949745365e-06
-126.91934487043137,-126.91934204101562,-2.829415748806241e-06
-4.237880607273365,-4.237884521484375,3.914211010425106e-06
135.5646777733203,135.56468200683594,-4.233515625173823e-06
-0.7992020191677237,-0.7992095947265625,7.575558838790464e-06
-204.09854355718065,-204.09854125976562,-2.2974150226673373e-06
-232.12345532979722,-232.1234588623047,3.5325074634329212e-06
-68.48483686633163,-68.48483276367188,-4.102659758586924e-06
-166.85771054800904,-166.8577117919922,1.2439831493793463e-06
137.9449521642791,137.9449462890625,5.875216601225475e-06
30.686964220643425,30.686965942382812,-1.7217393875057496e-06
-133.50910636563722,-133.5091094970703,3.1314330897203035e-06
-4.190075047842478,-4.1900787353515625,3.687509084748797e-06
117.64416912321988,117.6441650390625,4.084157382067133e-06
-268.80939666623175,-268.8094024658203,5.799588564059377e-06
256.2532907298242,256.2532958984375,-5.1686133133443946e-06
78.54624312018,78.54624938964844,-6.269468443065307e-06
-33.909024900554215,-33.909027099609375,2.1990551601902553e-06
-48.56862296208658,-48.56861877441406,-4.187672516309249e-06
173.01123636768094,173.01123046875,5.898930936609759e-06
-8.36220339282824,-8.362197875976562,-5.516851677711543e-06
-41.14258640178724,-41.14259338378906,6.982001821143058e-06
-36.19491429038376,-36.194915771484375,1.4811006181503217e-06
14.224627449100442,14.224624633789062,2.8153113795781337e-06
-30.05573436758037,-30.055740356445312,5.988864941741667e-06
41.64910605627933,41.64910888671875,-2.8304394206202232e-06
41.56151080856306,41.56150817871094,2.6298521191847612e-06
33.77866592034529,33.77867126464844,-5.344303147580831e-06
-43.34400963430236,-43.34400939941406,-2.3488829725692995e-07
-4.805353470720264,-4.80535888671875,5.41599848613572e-06
16.035911395782733,16.035903930664062,7.465118670779702e-06
142.03564392178455,142.03564453125,-6.094654452226678e-07
30.08786512776199,30.087860107421875,5.020340115180488e-06
-146.32721703426853,-146.32720947265625,-7.561612278550456e-06
-19.746396587408544,-19.74639892578125,2.3383727061343507e-06
72.37816673531395,72.378173828125,-7.092811046049974e-06
-65.13656498742662,-65.13656616210938,1.174682751070577e-06
-191.61944530880575,-191.61944580078125,4.919754985621694e-07
-43.79958180429734,-43.79957580566406,-5.998633277215504e-06
-55.212796290677964,-55.212799072265625,2.7815876606496204e-06
-70.34926360201698,-70.34925842285156,-5.179165412982911e-06
122.5088876054584,122.50888061523438,6.990224022729308e-06
96.76927536950687,96.76927185058594,3.518920934197922e-06
-45.18313160157672,-45.183135986328125,4.384751406405485e-06
-38.45730169642689,-38.457305908203125,4.2117762362181566e-06
105.18465700017892,105.18466186523438,-4.865055458935785e-06
96.62599837088409,96.62599182128906,6.549595028104704e-06
-86.76345743134999,-86.76345825195312,8.206031338886532e-07
75.1992704639713,75.19926452636719,5.937604115047179e-06
-107.91706017407951,-107.91705322265625,-6.951423259238254e-06
-19.849210525019323,-19.849212646484375,2.1214650516299116e-06
-18.924236888887254,-18.924240112304688,3.223417433417808e-06
189.65414700431097,189.65414428710938,2.717201596169616e-06
-205.5041173118224,-205.50411987304688,2.5612244769490644e-06
-32.68477089589841,-32.68476867675781,-2.2191405975036105e-06
129.15827978018447,129.1582794189453,3.612391594742803e-07
90.73603103115975,90.73603820800781,-7.176848058065843e-06
-30.354776098258725,-30.354782104492188,6.006233462585442e-06
21.06315233334298,21.063156127929688,-3.794586707073222e-06
-87.41293273455355,-87.41293334960938,6.150558249373717e-07
-0.5200149366999247,-0.52001953125,4.594550075287529e-06
75.81543172739805,75.8154296875,2.0398980495883734e-06
-21.327201186191658,-21.327194213867188,-6.9723244706665355e-06
47.667401485765524,47.66740417480469,-2.689039163783491e-06
-30.188181122391455,-30.188186645507812,5.5231163571534125e-06
-68.88026478897166,-68.88026428222656,-5.067450956630637e-07
263.1477236614605,263.14772033691406,3.324546412386553e-06
75.45908328402896,75.45907592773438,7.3562945885896625e-06
-170.99108350123274,-170.9910888671875,5.365954763192349e-06
15.157076757765916,15.157073974609375,2.7831565407865355e-06
8.858571433632079,8.858566284179688,5.149452391606246e-06
-115.4886942511752,-115.48869323730469,-1.0138705164308703e-06
-97.57552646390386,-97.57553100585938,4.5419555192438565e-06
7.206261171442507,7.206268310546875,-7.139104368114602e-06
113.99929007601428,113.99928283691406,7.2391002134963855e-06
143.56324160103384,143.56324768066406,-6.079630225030996e-06
-121.4362308663165,-121.43623352050781,2.6541913058508726e-06
-18.406986589660523,-18.406982421875,-4.16778552292385e-06
-132.5090793120717,-132.5090789794922,-3.3257950349252496e-07
-111.12082530620279,-111.12081909179688,-6.214405914306553e-06
143.53609956275446,143.53610229492188,-2.732167416752418e-06
-142.78316413061984,-142.7831573486328,-6.78198702530608e-06
-69.4644900181841,-69.46449279785156,2.77966746864422e-06
93.20882239951968,93.20881652832031,5.871199363127744e-06
-134.66050191746186,-134.66050720214844,5.2846865798983345e-06
-88.66530540082438,-88.66529846191406,-6.9389103174444244e-06
-33.025496702936685,-33.02549743652344,7.335867522328954e-07
-188.5060475862241,-188.50604248046875,-5.105755349177343e-06
41.302158679768816,41.302154541015625,4.1387531908299025e-06
185.08439152749693,185.0843963623047,-4.834807754150461e-06
-1.5103450999341157,-1.510345458984375,3.590502593020517e-07
-3.8429808565645915,-3.842987060546875,6.203982283459197e-06
21.377073651397335,21.3770751953125,-1.543915164602.178040082091997,2.17803955078125,5.313107469540057e-07
169.16476752006395,169.16476440429688,3.1157670719039743e-06
-65.40132378608291,-65.40132141113281,-2.3749500996927964e-06
-247.3780050702809,-247.3780059814453,9.111644203585456e-07
65.68789552897853,65.68789672851562,-1.1995370954309692e-06
19.187280641725028,19.187286376953125,-5.7352280968814284e-06
102.64401028396688,102.64401245117188,-2.1672049967946805e-06
-94.59268403870156,-94.59268188476562,-2.153935938054019e-06
-47.93594086463607,-47.935943603515625,2.7388795516003483e-06
42.91701469554547,42.91700744628906,7.249256405827964e-06
-124.92314109439874,-124.92314147949219,3.8509344335579954e-07
16.75694270355032,16.756942749023438,-4.547311860392256e-08
28.24192643042128,28.241928100585938,-1.6701646572414575e-06
17.61056950365186,17.610565185546875,4.318104984690763e-06
-142.7718278716607,-142.77183532714844,7.4554877471655345e-06
-145.29632135987163,-145.29632568359375,4.323722123444895e-06
-7.186763896075276,-7.186767578125,3.6820497237854966e-06
15.79535063614657,15.79534912109375,1.515052819200946e-06
-115.22450766320931,-115.22450256347656,-5.0997327463164766e-06
-118.76187807741258,-118.76187133789062,-6.739521950294147e-06
150.6961563077555,150.69615173339844,4.574357063802381e-06
-89.61989445252868,-89.61988830566406,-6.14686462085956e-06
86.92432288009854,86.92431640625,6.473848543464555e-06
151.20737289318677,151.20736694335938,5.949827396989349e-06
21.83743028640138,21.837432861328125,-2.5749267464902914e-06
-129.83294053375178,-129.83294677734375,6.243591968768669e-06
45.27485594875038,45.27485656738281,-6.186324341683758e-07
-133.28250777923208,-133.28250122070312,-6.558528951927656e-06
-62.62148737550845,-62.621490478515625,3.103007173876904e-06
145.7282657242765,145.728271484375,-5.760098503060362e-06
4.67316196319329,4.67315673828125,5.2249120399139315e-06
-83.14295244745055,-83.14295959472656,7.147276008367953e-06
-52.428366484793855,-52.42835998535156,-6.499442292806634e-06
-119.97459178817009,-119.97459411621094,2.328040849874924e-06
82.06554116809606,82.06553649902344,4.669072623642023e-06
-48.32550133716933,-48.32550048828125,-8.488880780532782e-07
-4.37166832860461,-4.371673583984375,5.2553797651455625e-06
-41.92657255057476,-41.92657470703125,2.156456488933145e-06
-24.907347954157615,-24.9073486328125,6.786548851778207e-07
-39.9512642301956,-39.951263427734375,-8.024612228041406e-07
180.22276221793132,180.22276306152344,-8.435921188265638e-07
-58.55422689861789,-58.554229736328125,2.8377102339049998e-06
85.29760187627099,85.297607421875,-5.54560401155868e-06
193.89016769639161,193.89016723632812,4.6006348952687404e-07
63.49801228546559,63.498016357421875,-4.071956283269174e-06
-78.2633498273703,-78.26335144042969,1.6130593820662398e-06
38.475383201558294,38.47538757324219,-4.371683893111822e-06
2.657272962566428,2.6572723388671875,6.236992406982722e-07
33.673344567160434,33.67333984375,4.723410434337438e-06
76.43859207000719,76.4385986328125,-6.562805310750264e-06
143.648460041696,143.64845275878906,7.282906949512835e-06
-9.771705047890336,-9.771697998046875,-7.049843461004457e-06
-56.39183119587308,-56.39183044433594,-7.515371436284113e-07
27.67062553973258,27.670623779296875,1.7604357047673602e-06
-38.004550367818254,-38.004547119140625,-3.248677629130725e-06
218.12574660638913,218.12574768066406,-1.0742749338987778e-06
42.38279868649121,42.38279724121094,1.4452802759024053e-06
-0.5366889749807462,-0.53668212890625,-6.84607449619179e-06
148.08878894763635,148.0887908935547,-1.945918342016739e-06
74.52977750126396,74.52976989746094,7.603803027222966e-06
79.13154120230062,79.13154602050781,-4.818207187895496e-06
107.45529244722671,107.45529174804688,6.991798358058077e-07
-7.953972093265349,-7.9539794921875,7.398922151402587e-06
43.96127953969745,43.961273193359375,6.3463380755024446e-06
10.78383071019874,10.783828735351562,1.974847178232153e-06
-82.32522302637561,-82.32522583007812,2.803702514597717e-06
95.3253650097562,95.32536315917969,1.8505765098097982e-06
-60.90762514846511,-60.907623291015625,-1.8574494831113952e-06
3.0053644022679378,3.00537109375,-6.691482062226584e-06
109.99887432709009,109.99887084960938,3.4774807176063405e-06
99.77590654706857,99.77590942382812,-2.8767595523504497e-06
17.557771422166724,17.557769775390625,1.6467760985960922e-06
97.60138746203603,97.60139465332031,-7.191284282725974e-06
143.57793176948735,143.5779266357422,5.133745162311243e-06
131.68742469292695,131.6874237060547,9.86872265684724e-07
297.83517909303004,297.8351745605469,4.532483160346601e-06
-3.908602679027943,-3.908599853515625,-2.8255123178944075e-06
-85.3751359541502,-85.37513732910156,1.3749513669836233e-06
